doi,title,journal,year,citations,category,summary,status,code,data
10.1007/s00158-025-04237-y,A memory-efficient adjoint method to enable billion parameter optimization on a single GPU in dynamic problems,Structural and Multidisciplinary Optimization,2026,2,inverse,"Removes the memory wall of transient adjoints, putting billion-parameter designs on one GPU.",,https://doi.org/10.5281/zenodo.17157434,
10.1016/j.cma.2026.118727,Generalized eigenvalue stabilization for immersed explicit dynamics,Computer Methods in Applied Mechanics and Engineering,2026,2,discretization,Restores usable explicit time steps on badly cut cells by stabilizing the governing eigenvalues.,,,
10.1007/s00466-026-02796-5,Graph neural networks for full waveform inversion,Computational Mechanics,2026,2,sciml,Learns on the mesh graph to invert wave measurements for unknown material fields.,,https://doi.org/10.5281/zenodo.17434971,
10.1007/s00466-026-02849-9,Lightweight return-mapping surrogates for multiscale plasticity: a practical guide,Computational Mechanics,2026,0,sciml,"Replaces the return-mapping step of plasticity with small, reliable learned surrogates.",,https://doi.org/10.5281/zenodo.18522058,
10.1016/j.ultras.2026.108221,Reconstructing effective ultrasound transducer models via distributed source inversion,Ultrasonics,2026,1,inverse,"Reconstructs an effective transducer model from measured wavefields, without knowing the transducer's internals.",,,
10.1016/j.addma.2026.105243,Scan-based fatigue prediction of DED-Arc additively manufactured steel components,Additive Manufacturing,2026,1,am,Links the scanned as-built surface of arc-deposited steel directly to its fatigue life.,,,
10.1016/j.addma.2026.105206,Temperature control in powder bed fusion of metals via inverse-designed laser beam shapes,Additive Manufacturing,2026,1,am,Designs the beam profile itself so that the melt pool follows a prescribed temperature field.,,,
10.1007/s00466-025-02704-3,A CFL condition for the finite cell method,Computational Mechanics,2025,7,discretization,Derives the critical time step that explicit time integration must respect on immersed meshes.,,,
10.1111/ffe.14623,A Plastic Damage Model With Mixed Isotropic–Kinematic Hardening for Low‐Cycle Fatigue in 7020 Aluminum,Fatigue & Fracture of Engineering Materials & Structures,2025,2,discretization,A plastic damage model with mixed hardening that captures low-cycle fatigue in high-strength aluminum.,,https://doi.org/10.5281/zenodo.14223186,
10.1007/s00466-025-02600-w,Accelerating full waveform inversion by transfer learning,Computational Mechanics,2025,8,sciml,Reuses networks trained on earlier reconstructions to shorten new inversions.,,https://doi.org/10.5281/zenodo.14616639,
10.1007/s10704-025-00870-2,Competition between arbitrarily oriented tunnel cracks and delamination,International Journal of Fracture,2025,0,discretization,Predicts which damage mode wins as tunnel cracks and delamination compete in laminates.,,,
10.1007/s40964-025-01162-w,"Editorial—Modelling, simulation, design and testing for additive manufacturing",Progress in Additive Manufacturing,2025,0,am,,exclude,,
10.3390/buildings15091461,From Digital to Real: Optimised and Functionally Integrated Shotcrete 3D Printing Elements for Multi-Storey Structures,Buildings,2025,15,am,Follows shotcrete 3D printing of a multi-storey building section from digital design to full-scale fabrication.,,,
10.1016/j.cma.2025.118173,Full-waveform inversion via the scaled boundary finite element method,Computer Methods in Applied Mechanics and Engineering,2025,4,inverse,A scaled boundary formulation for inhomogeneous media that makes full waveform inversion highly parallel.,,https://doi.org/10.5281/zenodo.14551327,
10.3934/acse.2025007,On the efficiency of explicit and semi-explicit immersed boundary finite element methods for wave propagation problems,Advances in Computational Science and Engineering,2025,4,discretization,Compares explicit and semi-explicit immersed schemes for transient wave problems.,,,
10.1007/s40192-025-00430-5,Quantifying thermal model accuracy in PBF-LB/M using statistical similarity tests against thermographic measurements,Integrating Materials and Manufacturing Innovation,2025,1,am,"Measures how well thermal simulations match thermography, using statistical similarity tests.",,,
10.1016/j.ultras.2025.107705,"Quantitative comparison of the total focusing method, reverse time migration, and full waveform inversion for ultrasonic imaging",Ultrasonics,2025,15,inverse,"Compares total focusing, reverse time migration and full waveform inversion on the same ultrasonic data.",,,
10.1007/s00466-024-02526-9,The discontinuous strain method: accurately representing fatigue and failure,Computational Mechanics,2025,1,discretization,Represents localized failure through a strain discontinuity instead of a smeared damage band.,,https://doi.org/10.5281/zenodo.10215918,
10.1007/s40964-025-01147-9,The trace of heat: on the predictive power of modeling transient diffusion,Progress in Additive Manufacturing,2025,5,am,Asks how much of the printed outcome a purely thermal model can actually predict.,,,
10.1007/s00466-023-02434-4,Deep learning in computational mechanics: a review,Computational Mechanics,2024,230,sciml,"A methodological survey of where deep learning has, and has not, proven useful in mechanics.",,,
10.1007/s00466-023-02392-x,From ductile damage to unilateral contact via a point-wise implicit discontinuity,Computational Mechanics,2024,2,discretization,Carries ductile damage through to crack closure and contact within a single formulation.,,,
10.1016/j.engappai.2024.108993,Generative adversarial networks enable outlier detection and property monitoring for additive manufacturing of complex structures,Engineering Applications of Artificial Intelligence,2024,18,sciml,Flags anomalous prints and tracks properties from process data using a GAN.,,,https://zenodo.org/records/17909169
10.1016/j.camwa.2024.02.049,Implicit-explicit time integration for the immersed wave equation,Computers & Mathematics with Applications,2024,20,discretization,"Treats only the small cut cells implicitly, keeping the bulk of the mesh explicit and cheap.",,,
10.1007/s00158-024-03908-6,On neural networks for generating better local optima in topology optimization,Structural and Multidisciplinary Optimization,2024,24,sciml,Uses a neural reparametrization of the design field to escape poor local optima.,,https://doi.org/10.5281/zenodo.12806411,
10.1016/j.cma.2024.116836,On the radial discretization in the frequency-domain SBFEM: Recovering inner-subdomain solutions,Computer Methods in Applied Mechanics and Engineering,2024,2,discretization,Recovers interior solution fields in the scaled boundary method without enlarging the global system.,,,
10.1016/j.matdes.2024.113321,Predicting fatigue life of additively manufactured lattice structures using the image-based Finite Cell Method and average strain energy density,Materials & Design,2024,25,am,"Predicts the fatigue life of printed lattices from CT scans, using the finite cell method and strain energy density.",,,https://zenodo.org/records/17909037
10.1016/j.cma.2023.116670,Robust numerical integration of embedded solids described in boundary representation,Computer Methods in Applied Mechanics and Engineering,2024,14,discretization,Robust moment-fitting quadrature for cut cells of solids described by boundary meshes.,,https://doi.org/10.5281/zenodo.17909549,
10.1016/j.cma.2024.116999,Shape optimization of embedded solids using implicit Vertex-Morphing,Computer Methods in Applied Mechanics and Engineering,2024,7,inverse,"Optimizes the shape of complex solids on a fixed grid, avoiding mesh distortion and re-meshing.",,,
10.1007/s40192-024-00382-2,Validity of thermal simulation models for different laser beam shapes in bead-on-plate melting,Integrating Materials and Manufacturing Innovation,2024,14,am,Tests thermal models against bead-on-plate experiments across a range of beam shapes.,,,
10.1080/17455030.2021.1974602,Wave propagation in a three-dimensional half-space with semi-infinite irregularities,Waves in Random and Complex Media,2024,4,discretization,Simulates seismic waves in half-spaces containing semi-infinite irregularities such as valleys.,,,
10.1007/s10704-022-00685-5,A fracture energy–based viscoelastic–viscoplastic–anisotropic damage model for rate-dependent cracking of concrete,International Journal of Fracture,2023,8,discretization,"Models rate-dependent cracking of concrete by combining viscoelasticity, viscoplasticity and anisotropic damage.",,,
10.1016/j.cma.2023.115893,Immersed boundary parametrizations for full waveform inversion,Computer Methods in Applied Mechanics and Engineering,2023,41,inverse,Compares ways of parametrizing an unknown boundary when inverting wave measurements.,,,
10.1016/j.cma.2023.116286,Isogeometric multi-resolution full waveform inversion based on the finite cell method,Computer Methods in Applied Mechanics and Engineering,2023,21,inverse,Reconstructs geometry at several resolutions by combining splines with the finite cell method.,,,
10.1016/j.addma.2023.103609,Laser beam shape optimization in powder bed fusion of metals,Additive Manufacturing,2023,62,am,Optimizes the laser intensity distribution to improve melt pool geometry.,,,
10.1016/j.cma.2023.116278,On the use of neural networks for full waveform inversion,Computer Methods in Applied Mechanics and Engineering,2023,46,sciml,Discovers neural reparametrizations for regularization in inverse problems.,,,
10.1016/j.cma.2023.116029,Performance of acceleration techniques for staggered phase-field solutions,Computer Methods in Applied Mechanics and Engineering,2023,25,discretization,Compares techniques that speed up the slow staggered iterations of phase-field fracture.,,,
10.1016/j.jsv.2022.117418,Quantitative reconstruction of defects in multi-layered bonded composites using fully convolutional network-based ultrasonic inversion,Journal of Sound and Vibration,2023,40,sciml,Reconstructs defects in bonded multi-layer composites from ultrasonic signals with a fully convolutional network.,,,
10.1002/nme.7147,The scaled boundary finite element method for dispersive wave propagation in higher‐order continua,International Journal for Numerical Methods in Engineering,2023,15,discretization,"Extends the scaled boundary method to gradient elasticity, capturing dispersive waves in microstructured media.",,,
10.1016/j.engstruct.2023.116283,Two-scale analysis of spaceframes with complex additive manufactured nodes,Engineering Structures,2023,12,am,Condenses complex printed 3D nodes into beam models so that entire space frames can be designed and analyzed.,,,
10.1016/j.engfracmech.2022.108387,A special finite element method applied to off-axis tunnel cracking in laminates,Engineering Fracture Mechanics,2022,5,discretization,A tailored 2D element that captures three-dimensional off-axis tunnel cracks.,,https://doi.org/10.5281/zenodo.4421511,
10.1007/s00366-022-01684-9,A three-field phase-field model for mixed-mode fracture in rock based on experimental determination of the mode II fracture toughness,Engineering with Computers,2022,48,discretization,"A phase-field model with separate tensile and shear cracks, calibrated against experiments on rock.",,,
10.1093/jom/ufac006,An accurate strategy for computing reaction forces and fluxes on trimmed locally refined meshes,Journal of Mechanics,2022,6,discretization,"Computes accurate reaction forces on trimmed, immersed meshes, where classic nodal methods fail.",,,
10.1016/j.compscitech.2022.109729,An efficient stiffness degradation model for layered composites with arbitrarily oriented tunneling and delamination cracks,Composites Science and Technology,2022,10,discretization,"A cheap model for how cracking degrades laminate stiffness, without resolving every crack.",,https://doi.org/10.5281/zenodo.5730308,
10.1016/j.cma.2022.115575,Efficient multi-level <em>hp</em>-finite elements in arbitrary dimensions,Computer Methods in Applied Mechanics and Engineering,2022,29,discretization,The data structures and algorithms behind multi-level <em>hp</em>-refinement in any dimension.,,,
10.1016/j.camwa.2022.03.008,Enforcing essential boundary conditions on domains defined by point clouds,Computers & Mathematics with Applications,2022,4,discretization,Imposes boundary conditions directly on geometries that are given only as point clouds.,,,
10.1002/suco.202000779,Fiber bridging in polypropylene‐reinforced high‐strength concrete: An experimental and numerical survey,Structural Concrete,2022,14,discretization,Studies fiber bridging in polypropylene-reinforced concrete through experiments and simulations.,,,
10.1016/j.ymssp.2021.108144,Point cloud-based elastic reverse time migration for ultrasonic imaging of components with vertical surfaces,Mechanical Systems and Signal Processing,2022,39,inverse,Images defects in components with vertical surfaces by reverse time migration on point-cloud geometry.,,,
10.1016/j.jmbbm.2022.105415,Predicting fracture in the proximal humerus using phase field models,Journal of the Mechanical Behavior of Biomedical Materials,2022,30,discretization,Predicts how the proximal humerus fractures using phase-field models.,,,
10.1007/s00366-022-01719-1,Space-time <em>hp</em>-finite elements for heat evolution in laser powder bed fusion additive manufacturing,Engineering with Computers,2022,46,am,Resolves the moving heat source by refining in space and time at once.,,,
10.1016/j.cma.2022.114792,The finite cell method with least squares stabilized Nitsche boundary conditions,Computer Methods in Applied Mechanics and Engineering,2022,22,discretization,"Least-squares stabilized Nitsche boundary conditions for the finite cell method, with error and conditioning bounds.",,,
10.1016/j.compositesb.2022.110338,The influence of the fiber–matrix microstructure on the energy release rate of off-axis tunnel cracks in laminates,Composites Part B: Engineering,2022,3,discretization,Quantifies how fiber arrangement at the microscale changes crack driving forces.,,,
10.3390/buildings12071023,Thermal Optimization of Additively Manufactured Lightweight Concrete Wall Elements with Internal Cellular Structure through Simulations and Measurements,Buildings,2022,39,am,"Optimizes the cellular interior of printed lightweight concrete walls for insulation, validated by measurements.",,,
10.1016/j.cma.2021.113996,A general solution procedure for the scaled boundary finite element method via shooting technique,Computer Methods in Applied Mechanics and Engineering,2021,11,discretization,Solves the scaled boundary finite element equations with a shooting technique.,,,
10.1007/s11831-020-09477-3,A Selection of Benchmark Problems in Solid Mechanics and Applied Mathematics,Archives of Computational Methods in Engineering,2021,104,discretization,Benchmark problems in solid mechanics for comparing discretizations and implementations.,,,
10.1016/j.cma.2021.114170,A shooting approach to the scaled boundary finite element equations of elastodynamics in the frequency domain,Computer Methods in Applied Mechanics and Engineering,2021,9,discretization,A shooting approach to the scaled boundary equations of elastodynamics in the frequency domain.,,,
10.1016/j.addma.2021.102077,An immersed boundary approach for residual stress evaluation in selective laser melting processes,Additive Manufacturing,2021,48,am,Evaluates residual stresses in selective laser melting with an immersed boundary method.,,,
10.1016/j.matdes.2021.109693,"Bending behavior of octet-truss lattice structures: Modelling options, numerical characterization and experimental validation",Materials & Design,2021,143,am,"Compares modeling options for the bending of printed octet-truss lattices, validated by experiments.",,,
10.1007/s11709-021-0694-z,Effect of seismic wave propagation in massed medium on rate-dependent anisotropic damage growth in concrete gravity dams,Frontiers of Structural and Civil Engineering,2021,14,discretization,Studies how seismic waves in the foundation drive rate-dependent damage in concrete gravity dams.,,,
10.1016/j.cma.2021.114075,Hierarchical multigrid approaches for the finite cell method on uniform and multi-level <em>hp</em>-refined grids,Computer Methods in Applied Mechanics and Engineering,2021,34,discretization,Multigrid solvers for the finite cell method on uniform and multi-level <em>hp</em> grids.,,,
10.1016/j.addma.2021.101949,Image-based numerical characterization and experimental validation of tensile behavior of octet-truss lattice structures,Additive Manufacturing,2021,121,am,"Characterizes the tensile behavior of printed octet-truss lattices from CT images, validated by experiments.",,,
10.1142/s0219455421501492,Multiscale Analysis of High Damping Composites Using the Finite Cell and the Mortar Method,International Journal of Structural Stability and Dynamics,2021,6,discretization,Multiscale simulation of damping lattice–polymer composites with the finite cell and mortar methods.,,,
10.1002/mdp2.249,Numerical evaluation of high cycle fatigue life for additively manufactured stainless steel 316L lattice structures: Preliminary considerations,Material Design & Processing Communications,2021,19,am,Computes fatigue life directly on the as-built geometry of printed stainless steel lattices.,,,
10.1002/gamm.202100019,On accurate time integration for temperature evolutions in additive manufacturing,GAMM-Mitteilungen,2021,14,am,Examines what time integration accuracy is needed for reliable process temperatures.,,,
10.1016/j.cma.2021.114049,Uncertainty quantification of microstructure variability and mechanical behavior of additively manufactured lattice structures,Computer Methods in Applied Mechanics and Engineering,2021,59,am,Quantifies how microstructural variability in printed lattices propagates to their mechanical behavior.,,,
10.1016/j.cma.2019.112581,Direct structural analysis of domains defined by point clouds,Computer Methods in Applied Mechanics and Engineering,2020,44,discretization,"Runs structural analysis directly on point clouds, skipping surface reconstruction.",,,
10.1007/s00466-020-01858-6,Hierarchically refined isogeometric analysis of trimmed shells,Computational Mechanics,2020,55,discretization,Local hierarchical refinement for isogeometric analysis of trimmed shells.,,,
10.1016/j.camwa.2020.07.018,Image-based material characterization of complex microarchitectured additively manufactured structures,Computers & Mathematics with Applications,2020,54,am,Characterizes the material behavior of complex printed microarchitectures from CT images.,,,
10.1016/j.addma.2020.101498,Modeling and experimental validation of an immersed thermo-mechanical part-scale analysis for laser powder bed fusion processes,Additive Manufacturing,2020,77,am,"A part-scale thermomechanical model of laser powder bed fusion, validated against experiments.",,,
10.1007/s40192-020-00191-3,Numerical Evaluation of Advanced Laser Control Strategies Influence on Residual Stresses for Laser Powder Bed Fusion Systems,Integrating Materials and Manufacturing Innovation,2020,51,am,Compares laser scan speed and power strategies by the residual stresses they leave behind.,,,
10.1007/s40192-019-00132-9,Accurate Prediction of Melt Pool Shapes in Laser Powder Bed Fusion by the Non-Linear Temperature Equation Including Phase Changes,Integrating Materials and Manufacturing Innovation,2019,80,am,Predicts melt pool shapes in laser powder bed fusion with a nonlinear heat equation that includes phase changes.,,,
10.1016/j.addma.2019.100894,"Additive manufacturing in construction: A review on processes, applications, and digital planning methods",Additive Manufacturing,2019,1046,am,"Reviews additive manufacturing processes, applications and digital planning methods in construction.",,,
10.1016/j.cma.2019.04.017,Integrating CAD and numerical analysis: ‘Dirty geometry’ handling using the Finite Cell Method,Computer Methods in Applied Mechanics and Engineering,2019,56,discretization,"Simulates directly on flawed CAD geometry, tolerating gaps and overlaps, with the finite cell method.",,,
10.1007/s00466-018-1649-7,Phase-field modeling of brittle fracture with multi-level <em>hp</em>-FEM and the finite cell method,Computational Mechanics,2019,155,discretization,Resolves brittle phase-field cracks with multi-level <em>hp</em>-refinement on immersed meshes.,,,
10.1016/j.finel.2019.01.009,Robust and parallel scalable iterative solutions for large-scale finite cell analyses,Finite Elements in Analysis and Design,2019,77,discretization,Robust iterative solvers that scale in parallel for large finite cell analyses.,,,
10.1016/j.camwa.2017.11.014,A hierarchical computational model for moving thermal loads and phase changes with applications to selective laser melting,Computers & Mathematics with Applications,2018,83,am,A hierarchical model for moving heat sources and phase changes in selective laser melting.,,,
10.1002/cnm.2951,Multi-level <em>hp</em>-finite cell method for embedded interface problems with application in biomechanics,International Journal for Numerical Methods in Biomedical Engineering,2018,62,discretization,"Resolves material interfaces in complex geometry with the multi-level <em>hp</em> finite cell method, applied to biomechanics.",,,
10.1016/j.cma.2017.08.017,Multi-level Bézier extraction for hierarchical local refinement of Isogeometric Analysis,Computer Methods in Applied Mechanics and Engineering,2018,82,discretization,Multi-level Bézier extraction for hierarchical local refinement in isogeometric analysis.,,,
10.1021/acsami.7b08617,"An Integrated Design, Material, and Fabrication Platform for Engineering Biomechanically and Biologically Functional Soft Tissues",ACS Applied Materials & Interfaces,2017,131,am,"Combines 3D-printed fibers and polymer networks into strong, stretchable engineered tissues.",,,
10.1088/1758-5090/aa6b15,Biofabricated soft network composites for cartilage tissue engineering,Biofabrication,2017,217,am,Designs printed fiber networks that reinforce hydrogels for cartilage tissue engineering.,,,
10.1016/j.camwa.2017.01.027,From geometric design to numerical analysis: A direct approach using the Finite Cell Method on Constructive Solid Geometry,Computers & Mathematics with Applications,2017,58,discretization,"Analyzes constructive solid geometry models directly with the finite cell method, without meshing.",,,
10.1007/s00466-017-1441-0,Numerical integration of discontinuous functions: moment fitting and smart octree,Computational Mechanics,2017,98,discretization,Integrates discontinuous functions in cut cells by combining moment fitting with smart octrees.,,,
10.1016/j.finel.2016.07.001,An easy treatment of hanging nodes in <em>hp</em>-finite elements,Finite Elements in Analysis and Design,2016,59,discretization,A simple treatment of hanging nodes in <em>hp</em>-finite elements.,,,
10.1016/j.cma.2016.04.006,Smart octrees: Accurately integrating discontinuous functions in 3D,Computer Methods in Applied Mechanics and Engineering,2016,170,discretization,Integrates discontinuous functions accurately in 3D with octrees that follow the geometry.,,,
10.1016/j.cma.2016.07.007,The multi-level <em>hp</em>-method for three-dimensional problems: dynamically changing high-order mesh refinement with arbitrary hanging nodes,Computer Methods in Applied Mechanics and Engineering,2016,95,discretization,Multi-level <em>hp</em>-refinement in 3D with arbitrary hanging nodes and dynamically changing meshes.,,,
10.1186/s40323-015-0031-y,Efficient and accurate numerical quadrature for immersed boundary methods,Advanced Modeling and Simulation in Engineering Sciences,2015,131,discretization,Subdivides cut elements robustly and accurately so that high-order immersed methods keep optimal convergence.,,,
10.1142/s0219455415400180,Finite Cell Method: High-Order Structural Dynamics for Complex Geometries,International Journal of Structural Stability and Dynamics,2015,45,discretization,Applies the finite cell method to transient elastodynamics of complex geometries.,,,
10.1007/s00466-014-1118-x,Multi-level <em>hp</em>-adaptivity: high-order mesh adaptivity without the difficulties of constraining hanging nodes,Computational Mechanics,2015,165,discretization,"High-order mesh adaptivity by superposing refinement levels, avoiding hanging-node constraints.",,,
10.1016/j.camwa.2015.04.020,Normal contact with high order finite elements and a fictitious contact material,Computers & Mathematics with Applications,2015,52,discretization,Models normal contact with high-order elements through a fictitious contact material.,,,
10.1002/nme.4817,"Parameter-free, weak imposition of Dirichlet boundary conditions and coupling of trimmed and non-conforming patches",International Journal for Numerical Methods in Engineering,2015,63,discretization,"Couples trimmed and non-conforming patches weakly, without penalty parameters or extra unknowns.",,,
10.1016/j.compstruct.2015.02.002,XFEM analysis of fiber bridging in mixed-mode crack propagation in composites,Composite Structures,2015,101,discretization,Simulates fiber bridging in mixed-mode crack propagation in composites with the extended finite element method.,,,
10.1016/j.advengsoft.2014.04.004,FCMLab: A finite cell research toolbox for MATLAB,Advances in Engineering Software,2014,78,discretization,"FCMLab, an open MATLAB toolbox for finite cell research.",,,
10.1002/nme.4269,An efficient integration technique for the voxel‐based finite cell method,International Journal for Numerical Methods in Engineering,2012,118,discretization,Precomputes cell matrices so that voxel-based finite cell models are cheap to integrate.,,,
10.1016/j.cma.2012.05.022,"Geometric modeling, isogeometric analysis and the finite cell method",Computer Methods in Applied Mechanics and Engineering,2012,279,discretization,"Connects geometric modeling, isogeometric analysis and the finite cell method.",,,
10.1016/j.camwa.2012.09.002,The Finite Cell Method for linear thermoelasticity,Computers & Mathematics with Applications,2012,113,discretization,Extends the finite cell method to linear thermoelasticity.,,,
10.1007/s00791-012-0175-y,Non-standard bone simulation: interactive numerical analysis by computational steering,Computing and Visualization in Science,2011,64,discretization,"Interactive bone simulation, where results update while the user changes the model.",,,
10.1016/j.cma.2011.06.005,Shell Finite Cell Method: A high order fictitious domain approach for thin-walled structures,Computer Methods in Applied Mechanics and Engineering,2011,103,discretization,A high-order fictitious domain approach for thin-walled structures.,,,
10.1002/nme.2581,Fixed-grid fluid–structure interaction in two dimensions based on a partitioned Lattice Boltzmann and <em>p</em>-FEM approach,International Journal for Numerical Methods in Engineering,2009,97,discretization,Couples Lattice Boltzmann flow with <em>p</em>-FEM structures for fluid–structure interaction on fixed grids.,,,
